{
    "name": "root",
    "metadata": {
        "timer_format_version": "0.1.0",
        "start_time_seconds": "1731827471",
        "python_version": "3.9.12 (tags/v3.9.12:b28265d, Mar 23 2022, 23:52:46) [MSC v.1929 64 bit (AMD64)]",
        "command_line_arguments": "D:\\Documents\\Projects\\UnityProjects\\SullivanDroneSim\\venv39\\Scripts\\mlagents-learn --run-id=test1",
        "mlagents_version": "0.30.0",
        "mlagents_envs_version": "0.30.0",
        "communication_protocol_version": "1.5.0",
        "pytorch_version": "2.5.1+cpu",
        "numpy_version": "1.21.2",
        "end_time_seconds": "1731827612"
    },
    "total": 141.4094967,
    "count": 1,
    "self": 0.005194400000021915,
    "children": {
        "run_training.setup": {
            "total": 0.23243489999999944,
            "count": 1,
            "self": 0.23243489999999944
        },
        "TrainerController.start_learning": {
            "total": 141.1718674,
            "count": 1,
            "self": 0.00032889999999952124,
            "children": {
                "TrainerController._reset_env": {
                    "total": 25.715878599999996,
                    "count": 1,
                    "self": 25.715878599999996
                },
                "TrainerController.advance": {
                    "total": 115.39951070000001,
                    "count": 1,
                    "self": 1.870000001247263e-05,
                    "children": {
                        "env_step": {
                            "total": 115.399492,
                            "count": 1,
                            "self": 115.399486,
                            "children": {
                                "SubprocessEnvManager._take_step": {
                                    "total": 5.999999999062311e-06,
                                    "count": 1,
                                    "self": 5.999999999062311e-06
                                }
                            }
                        }
                    }
                },
                "TrainerController._save_models": {
                    "total": 0.056149199999993016,
                    "count": 1,
                    "self": 2.7200000005223046e-05,
                    "children": {
                        "RLTrainer._checkpoint": {
                            "total": 0.05612199999998779,
                            "count": 1,
                            "self": 0.05612199999998779
                        }
                    }
                }
            }
        }
    }
}